[
  {
    "사건번호": "2023타경86838",
    "법원": "수원지방법원",
    "물건용도": "오피스텔",
    "소재지": "경기도 용인시 수지구 광교중앙로295번길 9 6층617호 (상현동,더블유스퀘어광교)",
    "최저가": "3103000",
    "감정가": "157000000",
    "비고": "재매각임. 매수보증금은 최저매각가격의 20%임",
    "관심수": "63",
    "유찰횟수": "12",
    "상세링크": "https://www.courtauction.go.kr/pgj/index.on?w2xPath=/pgj/ui/pgj100/PGJ151F00.xml&saNo=20230130086838&boCd=B000250&maemulSer=1",
    "_raw": {
      "docid": "B0002502023013008683811",
      "boCd": "B000250",
      "saNo": "20230130086838",
      "maemulSer": "1",
      "mokmulSer": "1",
      "srnSaNo": "2023타경86838",
      "jpDeptCd": "1011",
      "jinstatCd": "0002100001",
      "mulStatcd": "01",
      "mulJinYn": "Y",
      "maemulUtilCd": "16",
      "mulBigo": "재매각임. 매수보증금은 최저매각가격의 20%임",
      "gamevalAmt": "157000000",
      "minmaePrice": "3103000",
      "yuchalCnt": "12",
      "maeAmt": "0",
      "inqCnt": "63",
      "gwansMulRegCnt": "31",
      "remaeordDay": "20250807",
      "ipchalGbncd": "000331",
      "maeGiil": "20251223",
      "maegyuljGiil": "20251230",
      "maeHh1": "1000",
      "maeHh2": "",
      "maeHh3": "",
      "maeHh4": "",
      "notifyMinmaePrice1": "2172000",
      "notifyMinmaePrice2": "0",
      "notifyMinmaePrice3": "0",
      "notifyMinmaePrice4": "0",
      "notifyMinmaePriceRate1": "1",
      "notifyMinmaePriceRate2": "1",
      "maeGiilCnt": "13",
      "ipgiganFday": "",
      "ipgiganTday": "",
      "maePlace": "광교신청사제101호법정",
      "spJogCd": "0004305",
      "mokGbncd": "03",
      "jongCd": "000",
      "stopsaGbncd": "00",
      "daepyoSidoCd": "41",
      "daepyoSiguCd": "465",
      "daepyoDongCd": "107",
      "daepyoRdCd": "00",
      "hjguSido": "경기도",
      "hjguSigu": "용인시 수지구",
      "hjguDong": "상현동",
      "hjguRd": "",
      "daepyoLotno": "1116-4",
      "buldNm": "더블유스퀘어광교",
      "buldList": "6층617호",
      "areaList": "",
      "jimokList": "",
      "lclsUtilCd": "20000",
      "mclsUtilCd": "20100",
      "sclsUtilCd": "20110",
      "jejosaNm": "",
      "fuelKindcd": "",
      "bsgFormCd": "",
      "carNm": "",
      "carYrtype": "0",
      "xCordi": "317575",
      "yCordi": "522070",
      "cordiLvl": "1",
      "bgPlaceSidoCd": "",
      "bgPlaceSiguCd": "",
      "bgPlaceDongCd": "",
      "bgPlaceRdCd": "",
      "bgPlaceLotno": "",
      "bgPlaceSido": "",
      "bgPlaceSigu": "",
      "bgPlaceDong": "",
      "bgPlaceRd": "",
      "srchHjguBgFlg": "",
      "pjbBuldList": "철근콘크리트구조 21.0899㎡",
      "minArea": "21",
      "maxArea": "21",
      "groupmaemulser": "B000250202301300868381",
      "bocdsano": "B0002502023013008683",
      "dupSaNo": "",
      "byungSaNo": "",
      "srchLclsUtilCd": "20000",
      "srchMclsUtilCd": "20100",
      "srchSclsUtilCd": "20110",
      "srchHjguSidoCd": "41",
      "srchHjguSiguCd": "41465",
      "srchHjguDongCd": "41465107",
      "srchHjguRdCd": "4146510700",
      "srchHjguLotno": "1116-4",
      "jiwonNm": "수원지방법원",
      "jpDeptNm": "경매11계",
      "tel": "(031)210-1271",
      "maejibun": "",
      "wgs84Xcordi": "127",
      "wgs84Ycordi": "37",
      "rd1Cd": "41",
      "rd2Cd": "465",
      "rd3Rd4Cd": "4433518",
      "rd1Nm": "경기도",
      "rd2Nm": "용인시 수지구",
      "rdEubMyun": "",
      "rdNm": "광교중앙로295번길",
      "buldNo": "9",
      "rdAddrSub": "(상현동,더블유스퀘어광교)",
      "addrGbncd": "R",
      "bgPlaceRdAllAddr": "경기도 용인시 수지구 광교중앙로295번길 00009-00000",
      "bgPlaceAddrGbncd": "R",
      "srchRd1Cd": "41",
      "srchRd2Cd": "41465",
      "srchRd3Rd4Cd": "414654433518",
      "alias": "budongsanmok",
      "dummyField": "",
      "dspslUsgNm": "오피스텔",
      "convAddr": "[집합건물 철근콘크리트구조 21.0899㎡]",
      "printSt": "경기도 용인시 수지구 광교중앙로295번길 9 6층617호 (상현동,더블유스퀘어광교)",
      "printCsNo": "수원지방법원<br/>2023타경86838",
      "colMerge": "202301300868381"
    }
  },
  {
    "사건번호": "2022타경1663",
    "법원": "강릉지원",
    "물건용도": "단독주택",
    "소재지": "강원도 동해시 발한동 234-54 ",
    "최저가": "51036000",
    "감정가": "72908500",
    "비고": "*일괄매각. 제시외 건물 포함\n*해당주소에 채무자의 모친이 전입신고되어 있고 현재 점유/사용중이나 현황조사시 별도의 임대차계약은 없는 것으로 조사됨 \n*특별매각조건 매수신청보증금 최저매각가격의 20%",
    "관심수": "39",
    "유찰횟수": "1",
    "상세링크": "https://www.courtauction.go.kr/pgj/index.on?w2xPath=/pgj/ui/pgj100/PGJ151F00.xml&saNo=20220130001663&boCd=B000261&maemulSer=1",
    "_raw": {
      "docid": "B0002612022013000166311",
      "boCd": "B000261",
      "saNo": "20220130001663",
      "maemulSer": "1",
      "mokmulSer": "1",
      "srnSaNo": "2022타경1663",
      "jpDeptCd": "1002",
      "jinstatCd": "0002100001",
      "mulStatcd": "01",
      "mulJinYn": "Y",
      "maemulUtilCd": "10",
      "mulBigo": "*일괄매각. 제시외 건물 포함\n*해당주소에 채무자의 모친이 전입신고되어 있고 현재 점유/사용중이나 현황조사시 별도의 임대차계약은 없는 것으로 조사됨 \n*특별매각조건 매수신청보증금 최저매각가격의 20%",
      "gamevalAmt": "72908500",
      "minmaePrice": "51036000",
      "yuchalCnt": "1",
      "maeAmt": "75610000",
      "inqCnt": "39",
      "gwansMulRegCnt": "26",
      "remaeordDay": "20251112",
      "ipchalGbncd": "000331",
      "maeGiil": "20251222",
      "maegyuljGiil": "20251229",
      "maeHh1": "1000",
      "maeHh2": "",
      "maeHh3": "",
      "maeHh4": "",
      "notifyMinmaePrice1": "51036000",
      "notifyMinmaePrice2": "0",
      "notifyMinmaePrice3": "0",
      "notifyMinmaePrice4": "0",
      "notifyMinmaePriceRate1": "70",
      "notifyMinmaePriceRate2": "70",
      "maeGiilCnt": "3",
      "ipgiganFday": "",
      "ipgiganTday": "",
      "maePlace": "입찰,경매법정(1층)",
      "spJogCd": "0004306",
      "mokGbncd": "01",
      "jongCd": "000",
      "stopsaGbncd": "00",
      "daepyoSidoCd": "42",
      "daepyoSiguCd": "170",
      "daepyoDongCd": "111",
      "daepyoRdCd": "00",
      "hjguSido": "강원도",
      "hjguSigu": "동해시",
      "hjguDong": "발한동",
      "hjguRd": "",
      "daepyoLotno": "234-54",
      "buldNm": "",
      "buldList": "",
      "areaList": "110㎡",
      "jimokList": "대",
      "lclsUtilCd": "10000",
      "mclsUtilCd": "10100",
      "sclsUtilCd": "10108",
      "jejosaNm": "",
      "fuelKindcd": "",
      "bsgFormCd": "",
      "carNm": "",
      "carYrtype": "0",
      "xCordi": "497661",
      "yCordi": "550172",
      "cordiLvl": "1",
      "bgPlaceSidoCd": "",
      "bgPlaceSiguCd": "",
      "bgPlaceDongCd": "",
      "bgPlaceRdCd": "",
      "bgPlaceLotno": "",
      "bgPlaceSido": "",
      "bgPlaceSigu": "",
      "bgPlaceDong": "",
      "bgPlaceRd": "",
      "srchHjguBgFlg": "",
      "pjbBuldList": "",
      "minArea": "110",
      "maxArea": "110",
      "groupmaemulser": "B000261202201300016631",
      "bocdsano": "B0002612022013000166",
      "dupSaNo": "",
      "byungSaNo": "",
      "srchLclsUtilCd": "10000,20000",
      "srchMclsUtilCd": "10100,20100",
      "srchSclsUtilCd": "20101,10108",
      "srchHjguSidoCd": "42",
      "srchHjguSiguCd": "42170",
      "srchHjguDongCd": "42170111",
      "srchHjguRdCd": "4217011100",
      "srchHjguLotno": "234-54",
      "jiwonNm": "강릉지원",
      "jpDeptNm": "경매2계",
      "tel": "033-640-1132",
      "maejibun": "",
      "wgs84Xcordi": "129",
      "wgs84Ycordi": "37",
      "rd1Cd": "",
      "rd2Cd": "",
      "rd3Rd4Cd": "",
      "rd1Nm": "",
      "rd2Nm": "",
      "rdEubMyun": "",
      "rdNm": "",
      "buldNo": "",
      "rdAddrSub": "",
      "addrGbncd": "A",
      "bgPlaceRdAllAddr": "",
      "bgPlaceAddrGbncd": "",
      "srchRd1Cd": "42",
      "srchRd2Cd": "42170",
      "srchRd3Rd4Cd": "421704463187",
      "alias": "budongsanmok",
      "dummyField": "",
      "dspslUsgNm": "단독주택",
      "convAddr": "[토지 대 110㎡]",
      "printSt": "강원도 동해시 발한동 234-54 ",
      "printCsNo": "강릉지원<br/>2022타경1663",
      "colMerge": "202201300016631"
    }
  },
  {
    "사건번호": "2022타경1663",
    "법원": "강릉지원",
    "물건용도": "단독주택",
    "소재지": "강원도 동해시 지리1길 35 ",
    "최저가": "51036000",
    "감정가": "72908500",
    "비고": "*일괄매각. 제시외 건물 포함\n*해당주소에 채무자의 모친이 전입신고되어 있고 현재 점유/사용중이나 현황조사시 별도의 임대차계약은 없는 것으로 조사됨 \n*특별매각조건 매수신청보증금 최저매각가격의 20%",
    "관심수": "39",
    "유찰횟수": "1",
    "상세링크": "https://www.courtauction.go.kr/pgj/index.on?w2xPath=/pgj/ui/pgj100/PGJ151F00.xml&saNo=20220130001663&boCd=B000261&maemulSer=1",
    "_raw": {
      "docid": "B0002612022013000166312",
      "boCd": "B000261",
      "saNo": "20220130001663",
      "maemulSer": "1",
      "mokmulSer": "2",
      "srnSaNo": "2022타경1663",
      "jpDeptCd": "1002",
      "jinstatCd": "0002100001",
      "mulStatcd": "01",
      "mulJinYn": "Y",
      "maemulUtilCd": "10",
      "mulBigo": "*일괄매각. 제시외 건물 포함\n*해당주소에 채무자의 모친이 전입신고되어 있고 현재 점유/사용중이나 현황조사시 별도의 임대차계약은 없는 것으로 조사됨 \n*특별매각조건 매수신청보증금 최저매각가격의 20%",
      "gamevalAmt": "72908500",
      "minmaePrice": "51036000",
      "yuchalCnt": "1",
      "maeAmt": "75610000",
      "inqCnt": "39",
      "gwansMulRegCnt": "26",
      "remaeordDay": "20251112",
      "ipchalGbncd": "000331",
      "maeGiil": "20251222",
      "maegyuljGiil": "20251229",
      "maeHh1": "1000",
      "maeHh2": "",
      "maeHh3": "",
      "maeHh4": "",
      "notifyMinmaePrice1": "51036000",
      "notifyMinmaePrice2": "0",
      "notifyMinmaePrice3": "0",
      "notifyMinmaePrice4": "0",
      "notifyMinmaePriceRate1": "70",
      "notifyMinmaePriceRate2": "70",
      "maeGiilCnt": "3",
      "ipgiganFday": "",
      "ipgiganTday": "",
      "maePlace": "입찰,경매법정(1층)",
      "spJogCd": "0004306",
      "mokGbncd": "02",
      "jongCd": "000",
      "stopsaGbncd": "00",
      "daepyoSidoCd": "42",
      "daepyoSiguCd": "170",
      "daepyoDongCd": "111",
      "daepyoRdCd": "00",
      "hjguSido": "강원도",
      "hjguSigu": "동해시",
      "hjguDong": "발한동",
      "hjguRd": "",
      "daepyoLotno": "234-54",
      "buldNm": "",
      "buldList": "",
      "areaList": "",
      "jimokList": "",
      "lclsUtilCd": "20000",
      "mclsUtilCd": "20100",
      "sclsUtilCd": "20101",
      "jejosaNm": "",
      "fuelKindcd": "",
      "bsgFormCd": "",
      "carNm": "",
      "carYrtype": "0",
      "xCordi": "497659",
      "yCordi": "550172",
      "cordiLvl": "1",
      "bgPlaceSidoCd": "",
      "bgPlaceSiguCd": "",
      "bgPlaceDongCd": "",
      "bgPlaceRdCd": "",
      "bgPlaceLotno": "",
      "bgPlaceSido": "",
      "bgPlaceSigu": "",
      "bgPlaceDong": "",
      "bgPlaceRd": "",
      "srchHjguBgFlg": "",
      "pjbBuldList": "시멘트벽돌조 평슬라브지붕 \r\n단층 단독주택\r\n59.50㎡",
      "minArea": "59",
      "maxArea": "59",
      "groupmaemulser": "B000261202201300016631",
      "bocdsano": "B0002612022013000166",
      "dupSaNo": "",
      "byungSaNo": "",
      "srchLclsUtilCd": "10000,20000",
      "srchMclsUtilCd": "10100,20100",
      "srchSclsUtilCd": "20101,10108",
      "srchHjguSidoCd": "42",
      "srchHjguSiguCd": "42170",
      "srchHjguDongCd": "42170111",
      "srchHjguRdCd": "4217011100",
      "srchHjguLotno": "234-54",
      "jiwonNm": "강릉지원",
      "jpDeptNm": "경매2계",
      "tel": "033-640-1132",
      "maejibun": "",
      "wgs84Xcordi": "129",
      "wgs84Ycordi": "37",
      "rd1Cd": "42",
      "rd2Cd": "170",
      "rd3Rd4Cd": "4463187",
      "rd1Nm": "강원도",
      "rd2Nm": "동해시",
      "rdEubMyun": "",
      "rdNm": "지리1길",
      "buldNo": "35",
      "rdAddrSub": "",
      "addrGbncd": "R",
      "bgPlaceRdAllAddr": "강원도 동해시 지리1길 00035-00000",
      "bgPlaceAddrGbncd": "R",
      "srchRd1Cd": "42",
      "srchRd2Cd": "42170",
      "srchRd3Rd4Cd": "421704463187",
      "alias": "budongsanmok",
      "dummyField": "",
      "dspslUsgNm": "단독주택",
      "convAddr": "[건물 시멘트벽돌조 평슬라브지붕 \r\n단층 단독주택\r\n59.50㎡]",
      "printSt": "강원도 동해시 지리1길 35 ",
      "printCsNo": "강릉지원<br/>2022타경1663",
      "colMerge": "202201300016631"
    }
  },
  {
    "사건번호": "2022타경3289",
    "법원": "서울중앙지방법원",
    "물건용도": "다세대",
    "소재지": "서울특별시 관악구 국회단지10길 7 지1층비03호 (봉천동,선경하이츠)",
    "최저가": "4293000",
    "감정가": "122000000",
    "비고": "공부상 사무소이나 현황은 주거용으로 사용중임.\n특별매각조건:매수신청보증금 최저매각가격의 20%",
    "관심수": "167",
    "유찰횟수": "15",
    "상세링크": "https://www.courtauction.go.kr/pgj/index.on?w2xPath=/pgj/ui/pgj100/PGJ151F00.xml&saNo=20220130003289&boCd=B000210&maemulSer=1",
    "_raw": {
      "docid": "B0002102022013000328911",
      "boCd": "B000210",
      "saNo": "20220130003289",
      "maemulSer": "1",
      "mokmulSer": "1",
      "srnSaNo": "2022타경3289",
      "jpDeptCd": "1001",
      "jinstatCd": "0002100001",
      "mulStatcd": "01",
      "mulJinYn": "Y",
      "maemulUtilCd": "13",
      "mulBigo": "공부상 사무소이나 현황은 주거용으로 사용중임.\n특별매각조건:매수신청보증금 최저매각가격의 20%",
      "gamevalAmt": "122000000",
      "minmaePrice": "4293000",
      "yuchalCnt": "15",
      "maeAmt": "4890000",
      "inqCnt": "167",
      "gwansMulRegCnt": "22",
      "remaeordDay": "20250311",
      "ipchalGbncd": "000331",
      "maeGiil": "20251223",
      "maegyuljGiil": "20251230",
      "maeHh1": "1000",
      "maeHh2": "",
      "maeHh3": "",
      "maeHh4": "",
      "notifyMinmaePrice1": "4293000",
      "notifyMinmaePrice2": "0",
      "notifyMinmaePrice3": "0",
      "notifyMinmaePrice4": "0",
      "notifyMinmaePriceRate1": "4",
      "notifyMinmaePriceRate2": "4",
      "maeGiilCnt": "16",
      "ipgiganFday": "",
      "ipgiganTday": "",
      "maePlace": "경매법정(제4별관211호)",
      "spJogCd": "0004306",
      "mokGbncd": "03",
      "jongCd": "000",
      "stopsaGbncd": "00",
      "daepyoSidoCd": "11",
      "daepyoSiguCd": "620",
      "daepyoDongCd": "101",
      "daepyoRdCd": "00",
      "hjguSido": "서울특별시",
      "hjguSigu": "관악구",
      "hjguDong": "봉천동",
      "hjguRd": "",
      "daepyoLotno": "635-287",
      "buldNm": "선경하이츠",
      "buldList": "지1층비03호",
      "areaList": "",
      "jimokList": "",
      "lclsUtilCd": "20000",
      "mclsUtilCd": "20100",
      "sclsUtilCd": "20106",
      "jejosaNm": "",
      "fuelKindcd": "",
      "bsgFormCd": "",
      "carNm": "",
      "carYrtype": "0",
      "xCordi": "306650",
      "yCordi": "543469",
      "cordiLvl": "1",
      "bgPlaceSidoCd": "",
      "bgPlaceSiguCd": "",
      "bgPlaceDongCd": "",
      "bgPlaceRdCd": "",
      "bgPlaceLotno": "",
      "bgPlaceSido": "",
      "bgPlaceSigu": "",
      "bgPlaceDong": "",
      "bgPlaceRd": "",
      "srchHjguBgFlg": "",
      "pjbBuldList": "철근콘크리트구조 23.7㎡",
      "minArea": "23",
      "maxArea": "23",
      "groupmaemulser": "B000210202201300032891",
      "bocdsano": "B0002102022013000328",
      "dupSaNo": "",
      "byungSaNo": "",
      "srchLclsUtilCd": "20000",
      "srchMclsUtilCd": "20100",
      "srchSclsUtilCd": "20106",
      "srchHjguSidoCd": "11",
      "srchHjguSiguCd": "11620",
      "srchHjguDongCd": "11620101",
      "srchHjguRdCd": "1162010100",
      "srchHjguLotno": "635-287",
      "jiwonNm": "서울중앙지방법원",
      "jpDeptNm": "경매1계",
      "tel": "530-1820 (제4별관 민사집행과)",
      "maejibun": "",
      "wgs84Xcordi": "126",
      "wgs84Ycordi": "37",
      "rd1Cd": "11",
      "rd2Cd": "620",
      "rd3Rd4Cd": "4160046",
      "rd1Nm": "서울특별시",
      "rd2Nm": "관악구",
      "rdEubMyun": "",
      "rdNm": "국회단지10길",
      "buldNo": "7",
      "rdAddrSub": "(봉천동,선경하이츠)",
      "addrGbncd": "R",
      "bgPlaceRdAllAddr": "서울특별시 관악구 국회단지10길 00007-00000",
      "bgPlaceAddrGbncd": "R",
      "srchRd1Cd": "11",
      "srchRd2Cd": "11620",
      "srchRd3Rd4Cd": "116204160046",
      "alias": "budongsanmok",
      "dummyField": "",
      "dspslUsgNm": "다세대",
      "convAddr": "[집합건물 철근콘크리트구조 23.7㎡]",
      "printSt": "서울특별시 관악구 국회단지10길 7 지1층비03호 (봉천동,선경하이츠)",
      "printCsNo": "서울중앙지방법원<br/>2022타경3289",
      "colMerge": "202201300032891"
    }
  },
  {
    "사건번호": "2023타경57229",
    "법원": "수원지방법원",
    "물건용도": "아파트",
    "소재지": "경기도 용인시 수지구 만현로67번길 19 303동 6층602호 (상현동,만현마을3단지성원상떼빌아파트)",
    "최저가": "650000000",
    "감정가": "650000000",
    "비고": "",
    "관심수": "11",
    "유찰횟수": "1",
    "상세링크": "https://www.courtauction.go.kr/pgj/index.on?w2xPath=/pgj/ui/pgj100/PGJ151F00.xml&saNo=20230130057229&boCd=B000250&maemulSer=1",
    "_raw": {
      "docid": "B0002502023013005722911",
      "boCd": "B000250",
      "saNo": "20230130057229",
      "maemulSer": "1",
      "mokmulSer": "1",
      "srnSaNo": "2023타경57229",
      "jpDeptCd": "1017",
      "jinstatCd": "0002100001",
      "mulStatcd": "01",
      "mulJinYn": "Y",
      "maemulUtilCd": "01",
      "mulBigo": "",
      "gamevalAmt": "650000000",
      "minmaePrice": "650000000",
      "yuchalCnt": "1",
      "maeAmt": "0",
      "inqCnt": "11",
      "gwansMulRegCnt": "21",
      "remaeordDay": "",
      "ipchalGbncd": "000331",
      "maeGiil": "20251222",
      "maegyuljGiil": "20251229",
      "maeHh1": "1000",
      "maeHh2": "",
      "maeHh3": "",
      "maeHh4": "",
      "notifyMinmaePrice1": "455000000",
      "notifyMinmaePrice2": "0",
      "notifyMinmaePrice3": "0",
      "notifyMinmaePrice4": "0",
      "notifyMinmaePriceRate1": "70",
      "notifyMinmaePriceRate2": "70",
      "maeGiilCnt": "1",
      "ipgiganFday": "",
      "ipgiganTday": "",
      "maePlace": "광교신청사제101호법정",
      "spJogCd": "",
      "mokGbncd": "03",
      "jongCd": "000",
      "stopsaGbncd": "00",
      "daepyoSidoCd": "41",
      "daepyoSiguCd": "465",
      "daepyoDongCd": "107",
      "daepyoRdCd": "00",
      "hjguSido": "경기도",
      "hjguSigu": "용인시 수지구",
      "hjguDong": "상현동",
      "hjguRd": "",
      "daepyoLotno": "864",
      "buldNm": "만현마을3단지성원상떼빌아파트",
      "buldList": "303동 6층602호",
      "areaList": "",
      "jimokList": "",
      "lclsUtilCd": "20000",
      "mclsUtilCd": "20100",
      "sclsUtilCd": "20104",
      "jejosaNm": "",
      "fuelKindcd": "",
      "bsgFormCd": "",
      "carNm": "",
      "carYrtype": "0",
      "xCordi": "319565",
      "yCordi": "523448",
      "cordiLvl": "1",
      "bgPlaceSidoCd": "",
      "bgPlaceSiguCd": "",
      "bgPlaceDongCd": "",
      "bgPlaceRdCd": "",
      "bgPlaceLotno": "",
      "bgPlaceSido": "",
      "bgPlaceSigu": "",
      "bgPlaceDong": "",
      "bgPlaceRd": "",
      "srchHjguBgFlg": "",
      "pjbBuldList": "철근콘크리트벽식구조\r\n84.975㎡",
      "minArea": "84",
      "maxArea": "84",
      "groupmaemulser": "B000250202301300572291",
      "bocdsano": "B0002502023013005722",
      "dupSaNo": "2023타경5686",
      "byungSaNo": "",
      "srchLclsUtilCd": "20000",
      "srchMclsUtilCd": "20100",
      "srchSclsUtilCd": "20104",
      "srchHjguSidoCd": "41",
      "srchHjguSiguCd": "41465",
      "srchHjguDongCd": "41465107",
      "srchHjguRdCd": "4146510700",
      "srchHjguLotno": "864",
      "jiwonNm": "수원지방법원",
      "jpDeptNm": "경매17계",
      "tel": "(031)210-1378(구내:1378)",
      "maejibun": "",
      "wgs84Xcordi": "127",
      "wgs84Ycordi": "37",
      "rd1Cd": "41",
      "rd2Cd": "465",
      "rd3Rd4Cd": "4415042",
      "rd1Nm": "경기도",
      "rd2Nm": "용인시 수지구",
      "rdEubMyun": "",
      "rdNm": "만현로67번길",
      "buldNo": "19",
      "rdAddrSub": "(상현동,만현마을3단지성원상떼빌아파트)",
      "addrGbncd": "R",
      "bgPlaceRdAllAddr": "경기도 용인시 수지구 만현로67번길 00019-00000",
      "bgPlaceAddrGbncd": "R",
      "srchRd1Cd": "41",
      "srchRd2Cd": "41465",
      "srchRd3Rd4Cd": "414654415042",
      "alias": "budongsanmok",
      "dummyField": "",
      "dspslUsgNm": "아파트",
      "convAddr": "[집합건물 철근콘크리트벽식구조\r\n84.975㎡]",
      "printSt": "경기도 용인시 수지구 만현로67번길 19 303동 6층602호 (상현동,만현마을3단지성원상떼빌아파트)",
      "printCsNo": "수원지방법원<br/>2023타경57229<br/>2023타경5686<br/>(중복)",
      "colMerge": "202301300572291"
    }
  },
  {
    "사건번호": "2022타경57976",
    "법원": "서산지원",
    "물건용도": "기타",
    "소재지": "충청남도 태안군 고남면 고남리 1653 ",
    "최저가": "1625878000",
    "감정가": "6771668790",
    "비고": "- 재매각(매수보증금은 최저매각가격의 20%임)\n-일괄매각. 제시외 건물 등 포함\n-목록(1)(3) 현황 상업용 건부지로 이용중임\n-목록(9) 현황 도로(진입로)로 이용중임",
    "관심수": "45",
    "유찰횟수": "5",
    "상세링크": "https://www.courtauction.go.kr/pgj/index.on?w2xPath=/pgj/ui/pgj100/PGJ151F00.xml&saNo=20220130057976&boCd=B000285&maemulSer=1",
    "_raw": {
      "docid": "B0002852022013005797611",
      "boCd": "B000285",
      "saNo": "20220130057976",
      "maemulSer": "1",
      "mokmulSer": "1",
      "srnSaNo": "2022타경57976",
      "jpDeptCd": "1005",
      "jinstatCd": "0002100001",
      "mulStatcd": "01",
      "mulJinYn": "Y",
      "maemulUtilCd": "99",
      "mulBigo": "- 재매각(매수보증금은 최저매각가격의 20%임)\n-일괄매각. 제시외 건물 등 포함\n-목록(1)(3) 현황 상업용 건부지로 이용중임\n-목록(9) 현황 도로(진입로)로 이용중임",
      "gamevalAmt": "6771668790",
      "minmaePrice": "1625878000",
      "yuchalCnt": "5",
      "maeAmt": "0",
      "inqCnt": "45",
      "gwansMulRegCnt": "21",
      "remaeordDay": "20250924",
      "ipchalGbncd": "000331",
      "maeGiil": "20251223",
      "maegyuljGiil": "20251230",
      "maeHh1": "1000",
      "maeHh2": "",
      "maeHh3": "",
      "maeHh4": "",
      "notifyMinmaePrice1": "1138115000",
      "notifyMinmaePrice2": "0",
      "notifyMinmaePrice3": "0",
      "notifyMinmaePrice4": "0",
      "notifyMinmaePriceRate1": "17",
      "notifyMinmaePriceRate2": "17",
      "maeGiilCnt": "6",
      "ipgiganFday": "",
      "ipgiganTday": "",
      "maePlace": "제111호경매법정",
      "spJogCd": "0004305",
      "mokGbncd": "01",
      "jongCd": "000",
      "stopsaGbncd": "00",
      "daepyoSidoCd": "44",
      "daepyoSiguCd": "825",
      "daepyoDongCd": "310",
      "daepyoRdCd": "23",
      "hjguSido": "충청남도",
      "hjguSigu": "태안군",
      "hjguDong": "고남면",
      "hjguRd": "고남리",
      "daepyoLotno": "1653",
      "buldNm": "",
      "buldList": "",
      "areaList": "1677㎡",
      "jimokList": "임야",
      "lclsUtilCd": "10000",
      "mclsUtilCd": "10100",
      "sclsUtilCd": "10105",
      "jejosaNm": "",
      "fuelKindcd": "",
      "bsgFormCd": "",
      "carNm": "",
      "carYrtype": "0",
      "xCordi": "256528",
      "yCordi": "425458",
      "cordiLvl": "1",
      "bgPlaceSidoCd": "",
      "bgPlaceSiguCd": "",
      "bgPlaceDongCd": "",
      "bgPlaceRdCd": "",
      "bgPlaceLotno": "",
      "bgPlaceSido": "",
      "bgPlaceSigu": "",
      "bgPlaceDong": "",
      "bgPlaceRd": "",
      "srchHjguBgFlg": "",
      "pjbBuldList": "",
      "minArea": "1677",
      "maxArea": "1677",
      "groupmaemulser": "B000285202201300579761",
      "bocdsano": "B0002852022013005797",
      "dupSaNo": "",
      "byungSaNo": "",
      "srchLclsUtilCd": "10000,20000",
      "srchMclsUtilCd": "21100,10100",
      "srchSclsUtilCd": "21112,10108,10105",
      "srchHjguSidoCd": "44",
      "srchHjguSiguCd": "44825",
      "srchHjguDongCd": "44825310",
      "srchHjguRdCd": "4482531023",
      "srchHjguLotno": "1653-10^1653-11^1653-8^1653-9^1653",
      "jiwonNm": "서산지원",
      "jpDeptNm": "경매5계",
      "tel": "041-660-0695",
      "maejibun": "",
      "wgs84Xcordi": "126",
      "wgs84Ycordi": "36",
      "rd1Cd": "",
      "rd2Cd": "",
      "rd3Rd4Cd": "",
      "rd1Nm": "",
      "rd2Nm": "",
      "rdEubMyun": "",
      "rdNm": "",
      "buldNo": "",
      "rdAddrSub": "",
      "addrGbncd": "A",
      "bgPlaceRdAllAddr": "",
      "bgPlaceAddrGbncd": "",
      "srchRd1Cd": "44",
      "srchRd2Cd": "44825",
      "srchRd3Rd4Cd": "448254592214",
      "alias": "budongsanmok",
      "dummyField": "",
      "dspslUsgNm": "기타",
      "convAddr": "[토지 임야 1677㎡]",
      "printSt": "충청남도 태안군 고남면 고남리 1653 ",
      "printCsNo": "서산지원<br/>2022타경57976",
      "colMerge": "202201300579761"
    }
  },
  {
    "사건번호": "2022타경57976",
    "법원": "서산지원",
    "물건용도": "기타",
    "소재지": "충청남도 태안군 고남면 고남리 1653 ",
    "최저가": "1625878000",
    "감정가": "6771668790",
    "비고": "- 재매각(매수보증금은 최저매각가격의 20%임)\n-일괄매각. 제시외 건물 등 포함\n-목록(1)(3) 현황 상업용 건부지로 이용중임\n-목록(9) 현황 도로(진입로)로 이용중임",
    "관심수": "45",
    "유찰횟수": "5",
    "상세링크": "https://www.courtauction.go.kr/pgj/index.on?w2xPath=/pgj/ui/pgj100/PGJ151F00.xml&saNo=20220130057976&boCd=B000285&maemulSer=1",
    "_raw": {
      "docid": "B0002852022013005797612",
      "boCd": "B000285",
      "saNo": "20220130057976",
      "maemulSer": "1",
      "mokmulSer": "2",
      "srnSaNo": "2022타경57976",
      "jpDeptCd": "1005",
      "jinstatCd": "0002100001",
      "mulStatcd": "01",
      "mulJinYn": "Y",
      "maemulUtilCd": "99",
      "mulBigo": "- 재매각(매수보증금은 최저매각가격의 20%임)\n-일괄매각. 제시외 건물 등 포함\n-목록(1)(3) 현황 상업용 건부지로 이용중임\n-목록(9) 현황 도로(진입로)로 이용중임",
      "gamevalAmt": "6771668790",
      "minmaePrice": "1625878000",
      "yuchalCnt": "5",
      "maeAmt": "0",
      "inqCnt": "45",
      "gwansMulRegCnt": "21",
      "remaeordDay": "20250924",
      "ipchalGbncd": "000331",
      "maeGiil": "20251223",
      "maegyuljGiil": "20251230",
      "maeHh1": "1000",
      "maeHh2": "",
      "maeHh3": "",
      "maeHh4": "",
      "notifyMinmaePrice1": "1138115000",
      "notifyMinmaePrice2": "0",
      "notifyMinmaePrice3": "0",
      "notifyMinmaePrice4": "0",
      "notifyMinmaePriceRate1": "17",
      "notifyMinmaePriceRate2": "17",
      "maeGiilCnt": "6",
      "ipgiganFday": "",
      "ipgiganTday": "",
      "maePlace": "제111호경매법정",
      "spJogCd": "0004305",
      "mokGbncd": "02",
      "jongCd": "000",
      "stopsaGbncd": "00",
      "daepyoSidoCd": "44",
      "daepyoSiguCd": "825",
      "daepyoDongCd": "310",
      "daepyoRdCd": "23",
      "hjguSido": "충청남도",
      "hjguSigu": "태안군",
      "hjguDong": "고남면",
      "hjguRd": "고남리",
      "daepyoLotno": "1653",
      "buldNm": "",
      "buldList": "",
      "areaList": "",
      "jimokList": "",
      "lclsUtilCd": "20000",
      "mclsUtilCd": "21100",
      "sclsUtilCd": "21112",
      "jejosaNm": "",
      "fuelKindcd": "",
      "bsgFormCd": "",
      "carNm": "",
      "carYrtype": "0",
      "xCordi": "256528",
      "yCordi": "425458",
      "cordiLvl": "1",
      "bgPlaceSidoCd": "",
      "bgPlaceSiguCd": "",
      "bgPlaceDongCd": "",
      "bgPlaceRdCd": "",
      "bgPlaceLotno": "",
      "bgPlaceSido": "",
      "bgPlaceSigu": "",
      "bgPlaceDong": "",
      "bgPlaceRd": "",
      "srchHjguBgFlg": "",
      "pjbBuldList": "철근콘크리트구조 평스라브지붕 \r\n지하1층, 3층 숙박시설 및 \r\n제1종 근린생활시설\r\n지1층 249.74㎡\r\n  1층 214.74㎡\r\n  2층 205.31㎡\r\n  3층 205.31㎡",
      "minArea": "205",
      "maxArea": "249",
      "groupmaemulser": "B000285202201300579761",
      "bocdsano": "B0002852022013005797",
      "dupSaNo": "",
      "byungSaNo": "",
      "srchLclsUtilCd": "10000,20000",
      "srchMclsUtilCd": "21100,10100",
      "srchSclsUtilCd": "21112,10108,10105",
      "srchHjguSidoCd": "44",
      "srchHjguSiguCd": "44825",
      "srchHjguDongCd": "44825310",
      "srchHjguRdCd": "4482531023",
      "srchHjguLotno": "1653-10^1653-11^1653-8^1653-9^1653",
      "jiwonNm": "서산지원",
      "jpDeptNm": "경매5계",
      "tel": "041-660-0695",
      "maejibun": "",
      "wgs84Xcordi": "126",
      "wgs84Ycordi": "36",
      "rd1Cd": "",
      "rd2Cd": "",
      "rd3Rd4Cd": "",
      "rd1Nm": "",
      "rd2Nm": "",
      "rdEubMyun": "",
      "rdNm": "",
      "buldNo": "",
      "rdAddrSub": "",
      "addrGbncd": "A",
      "bgPlaceRdAllAddr": "",
      "bgPlaceAddrGbncd": "",
      "srchRd1Cd": "44",
      "srchRd2Cd": "44825",
      "srchRd3Rd4Cd": "448254592214",
      "alias": "budongsanmok",
      "dummyField": "",
      "dspslUsgNm": "기타",
      "convAddr": "[건물 철근콘크리트구조 평스라브지붕 \r\n지하1층, 3층 숙박시설 및 \r\n제1종 근린생활시설\r\n지1층 249.74㎡\r\n  1층 214.74㎡\r\n  2층 205.31㎡\r\n  3층 205.31㎡]",
      "printSt": "충청남도 태안군 고남면 고남리 1653 ",
      "printCsNo": "서산지원<br/>2022타경57976",
      "colMerge": "202201300579761"
    }
  },
  {
    "사건번호": "2022타경57976",
    "법원": "서산지원",
    "물건용도": "기타",
    "소재지": "충청남도 태안군 고남면 고남리 1653-8 ",
    "최저가": "1625878000",
    "감정가": "6771668790",
    "비고": "- 재매각(매수보증금은 최저매각가격의 20%임)\n-일괄매각. 제시외 건물 등 포함\n-목록(1)(3) 현황 상업용 건부지로 이용중임\n-목록(9) 현황 도로(진입로)로 이용중임",
    "관심수": "45",
    "유찰횟수": "5",
    "상세링크": "https://www.courtauction.go.kr/pgj/index.on?w2xPath=/pgj/ui/pgj100/PGJ151F00.xml&saNo=20220130057976&boCd=B000285&maemulSer=1",
    "_raw": {
      "docid": "B0002852022013005797613",
      "boCd": "B000285",
      "saNo": "20220130057976",
      "maemulSer": "1",
      "mokmulSer": "3",
      "srnSaNo": "2022타경57976",
      "jpDeptCd": "1005",
      "jinstatCd": "0002100001",
      "mulStatcd": "01",
      "mulJinYn": "Y",
      "maemulUtilCd": "99",
      "mulBigo": "- 재매각(매수보증금은 최저매각가격의 20%임)\n-일괄매각. 제시외 건물 등 포함\n-목록(1)(3) 현황 상업용 건부지로 이용중임\n-목록(9) 현황 도로(진입로)로 이용중임",
      "gamevalAmt": "6771668790",
      "minmaePrice": "1625878000",
      "yuchalCnt": "5",
      "maeAmt": "0",
      "inqCnt": "45",
      "gwansMulRegCnt": "21",
      "remaeordDay": "20250924",
      "ipchalGbncd": "000331",
      "maeGiil": "20251223",
      "maegyuljGiil": "20251230",
      "maeHh1": "1000",
      "maeHh2": "",
      "maeHh3": "",
      "maeHh4": "",
      "notifyMinmaePrice1": "1138115000",
      "notifyMinmaePrice2": "0",
      "notifyMinmaePrice3": "0",
      "notifyMinmaePrice4": "0",
      "notifyMinmaePriceRate1": "17",
      "notifyMinmaePriceRate2": "17",
      "maeGiilCnt": "6",
      "ipgiganFday": "",
      "ipgiganTday": "",
      "maePlace": "제111호경매법정",
      "spJogCd": "0004305",
      "mokGbncd": "01",
      "jongCd": "000",
      "stopsaGbncd": "00",
      "daepyoSidoCd": "44",
      "daepyoSiguCd": "825",
      "daepyoDongCd": "310",
      "daepyoRdCd": "23",
      "hjguSido": "충청남도",
      "hjguSigu": "태안군",
      "hjguDong": "고남면",
      "hjguRd": "고남리",
      "daepyoLotno": "1653-8",
      "buldNm": "",
      "buldList": "",
      "areaList": "1613㎡",
      "jimokList": "임야",
      "lclsUtilCd": "10000",
      "mclsUtilCd": "10100",
      "sclsUtilCd": "10105",
      "jejosaNm": "",
      "fuelKindcd": "",
      "bsgFormCd": "",
      "carNm": "",
      "carYrtype": "0",
      "xCordi": "256540",
      "yCordi": "425423",
      "cordiLvl": "1",
      "bgPlaceSidoCd": "",
      "bgPlaceSiguCd": "",
      "bgPlaceDongCd": "",
      "bgPlaceRdCd": "",
      "bgPlaceLotno": "",
      "bgPlaceSido": "",
      "bgPlaceSigu": "",
      "bgPlaceDong": "",
      "bgPlaceRd": "",
      "srchHjguBgFlg": "",
      "pjbBuldList": "",
      "minArea": "1613",
      "maxArea": "1613",
      "groupmaemulser": "B000285202201300579761",
      "bocdsano": "B0002852022013005797",
      "dupSaNo": "",
      "byungSaNo": "",
      "srchLclsUtilCd": "10000,20000",
      "srchMclsUtilCd": "21100,10100",
      "srchSclsUtilCd": "21112,10108,10105",
      "srchHjguSidoCd": "44",
      "srchHjguSiguCd": "44825",
      "srchHjguDongCd": "44825310",
      "srchHjguRdCd": "4482531023",
      "srchHjguLotno": "1653-10^1653-11^1653-8^1653-9^1653",
      "jiwonNm": "서산지원",
      "jpDeptNm": "경매5계",
      "tel": "041-660-0695",
      "maejibun": "",
      "wgs84Xcordi": "126",
      "wgs84Ycordi": "36",
      "rd1Cd": "",
      "rd2Cd": "",
      "rd3Rd4Cd": "",
      "rd1Nm": "",
      "rd2Nm": "",
      "rdEubMyun": "",
      "rdNm": "",
      "buldNo": "",
      "rdAddrSub": "",
      "addrGbncd": "A",
      "bgPlaceRdAllAddr": "",
      "bgPlaceAddrGbncd": "",
      "srchRd1Cd": "44",
      "srchRd2Cd": "44825",
      "srchRd3Rd4Cd": "448254592214",
      "alias": "budongsanmok",
      "dummyField": "",
      "dspslUsgNm": "기타",
      "convAddr": "[토지 임야 1613㎡]",
      "printSt": "충청남도 태안군 고남면 고남리 1653-8 ",
      "printCsNo": "서산지원<br/>2022타경57976",
      "colMerge": "202201300579761"
    }
  },
  {
    "사건번호": "2022타경57976",
    "법원": "서산지원",
    "물건용도": "기타",
    "소재지": "충청남도 태안군 고남면 고남리 1653-8 ",
    "최저가": "1625878000",
    "감정가": "6771668790",
    "비고": "- 재매각(매수보증금은 최저매각가격의 20%임)\n-일괄매각. 제시외 건물 등 포함\n-목록(1)(3) 현황 상업용 건부지로 이용중임\n-목록(9) 현황 도로(진입로)로 이용중임",
    "관심수": "45",
    "유찰횟수": "5",
    "상세링크": "https://www.courtauction.go.kr/pgj/index.on?w2xPath=/pgj/ui/pgj100/PGJ151F00.xml&saNo=20220130057976&boCd=B000285&maemulSer=1",
    "_raw": {
      "docid": "B0002852022013005797614",
      "boCd": "B000285",
      "saNo": "20220130057976",
      "maemulSer": "1",
      "mokmulSer": "4",
      "srnSaNo": "2022타경57976",
      "jpDeptCd": "1005",
      "jinstatCd": "0002100001",
      "mulStatcd": "01",
      "mulJinYn": "Y",
      "maemulUtilCd": "99",
      "mulBigo": "- 재매각(매수보증금은 최저매각가격의 20%임)\n-일괄매각. 제시외 건물 등 포함\n-목록(1)(3) 현황 상업용 건부지로 이용중임\n-목록(9) 현황 도로(진입로)로 이용중임",
      "gamevalAmt": "6771668790",
      "minmaePrice": "1625878000",
      "yuchalCnt": "5",
      "maeAmt": "0",
      "inqCnt": "45",
      "gwansMulRegCnt": "21",
      "remaeordDay": "20250924",
      "ipchalGbncd": "000331",
      "maeGiil": "20251223",
      "maegyuljGiil": "20251230",
      "maeHh1": "1000",
      "maeHh2": "",
      "maeHh3": "",
      "maeHh4": "",
      "notifyMinmaePrice1": "1138115000",
      "notifyMinmaePrice2": "0",
      "notifyMinmaePrice3": "0",
      "notifyMinmaePrice4": "0",
      "notifyMinmaePriceRate1": "17",
      "notifyMinmaePriceRate2": "17",
      "maeGiilCnt": "6",
      "ipgiganFday": "",
      "ipgiganTday": "",
      "maePlace": "제111호경매법정",
      "spJogCd": "0004305",
      "mokGbncd": "02",
      "jongCd": "000",
      "stopsaGbncd": "00",
      "daepyoSidoCd": "44",
      "daepyoSiguCd": "825",
      "daepyoDongCd": "310",
      "daepyoRdCd": "23",
      "hjguSido": "충청남도",
      "hjguSigu": "태안군",
      "hjguDong": "고남면",
      "hjguRd": "고남리",
      "daepyoLotno": "1653-8",
      "buldNm": "",
      "buldList": "",
      "areaList": "",
      "jimokList": "",
      "lclsUtilCd": "20000",
      "mclsUtilCd": "21100",
      "sclsUtilCd": "21112",
      "jejosaNm": "",
      "fuelKindcd": "",
      "bsgFormCd": "",
      "carNm": "",
      "carYrtype": "0",
      "xCordi": "256540",
      "yCordi": "425423",
      "cordiLvl": "1",
      "bgPlaceSidoCd": "",
      "bgPlaceSiguCd": "",
      "bgPlaceDongCd": "",
      "bgPlaceRdCd": "",
      "bgPlaceLotno": "",
      "bgPlaceSido": "",
      "bgPlaceSigu": "",
      "bgPlaceDong": "",
      "bgPlaceRd": "",
      "srchHjguBgFlg": "",
      "pjbBuldList": "철근콘크리트구조 평스라브지붕 \r\n지하1층,지상3층 숙박시설 및 \r\n제1종 근린생활시설\r\n지1층 188.31㎡\r\n  1층 228.18㎡\r\n  2층 226.62㎡\r\n  3층 169.86㎡",
      "minArea": "169",
      "maxArea": "228",
      "groupmaemulser": "B000285202201300579761",
      "bocdsano": "B0002852022013005797",
      "dupSaNo": "",
      "byungSaNo": "",
      "srchLclsUtilCd": "10000,20000",
      "srchMclsUtilCd": "21100,10100",
      "srchSclsUtilCd": "21112,10108,10105",
      "srchHjguSidoCd": "44",
      "srchHjguSiguCd": "44825",
      "srchHjguDongCd": "44825310",
      "srchHjguRdCd": "4482531023",
      "srchHjguLotno": "1653-10^1653-11^1653-8^1653-9^1653",
      "jiwonNm": "서산지원",
      "jpDeptNm": "경매5계",
      "tel": "041-660-0695",
      "maejibun": "",
      "wgs84Xcordi": "126",
      "wgs84Ycordi": "36",
      "rd1Cd": "",
      "rd2Cd": "",
      "rd3Rd4Cd": "",
      "rd1Nm": "",
      "rd2Nm": "",
      "rdEubMyun": "",
      "rdNm": "",
      "buldNo": "",
      "rdAddrSub": "",
      "addrGbncd": "A",
      "bgPlaceRdAllAddr": "",
      "bgPlaceAddrGbncd": "",
      "srchRd1Cd": "44",
      "srchRd2Cd": "44825",
      "srchRd3Rd4Cd": "448254592214",
      "alias": "budongsanmok",
      "dummyField": "",
      "dspslUsgNm": "기타",
      "convAddr": "[건물 철근콘크리트구조 평스라브지붕 \r\n지하1층,지상3층 숙박시설 및 \r\n제1종 근린생활시설\r\n지1층 188.31㎡\r\n  1층 228.18㎡\r\n  2층 226.62㎡\r\n  3층 169.86㎡]",
      "printSt": "충청남도 태안군 고남면 고남리 1653-8 ",
      "printCsNo": "서산지원<br/>2022타경57976",
      "colMerge": "202201300579761"
    }
  },
  {
    "사건번호": "2022타경57976",
    "법원": "서산지원",
    "물건용도": "기타",
    "소재지": "충청남도 태안군 고남면 고남리 1653-9 ",
    "최저가": "1625878000",
    "감정가": "6771668790",
    "비고": "- 재매각(매수보증금은 최저매각가격의 20%임)\n-일괄매각. 제시외 건물 등 포함\n-목록(1)(3) 현황 상업용 건부지로 이용중임\n-목록(9) 현황 도로(진입로)로 이용중임",
    "관심수": "45",
    "유찰횟수": "5",
    "상세링크": "https://www.courtauction.go.kr/pgj/index.on?w2xPath=/pgj/ui/pgj100/PGJ151F00.xml&saNo=20220130057976&boCd=B000285&maemulSer=1",
    "_raw": {
      "docid": "B0002852022013005797615",
      "boCd": "B000285",
      "saNo": "20220130057976",
      "maemulSer": "1",
      "mokmulSer": "5",
      "srnSaNo": "2022타경57976",
      "jpDeptCd": "1005",
      "jinstatCd": "0002100001",
      "mulStatcd": "01",
      "mulJinYn": "Y",
      "maemulUtilCd": "99",
      "mulBigo": "- 재매각(매수보증금은 최저매각가격의 20%임)\n-일괄매각. 제시외 건물 등 포함\n-목록(1)(3) 현황 상업용 건부지로 이용중임\n-목록(9) 현황 도로(진입로)로 이용중임",
      "gamevalAmt": "6771668790",
      "minmaePrice": "1625878000",
      "yuchalCnt": "5",
      "maeAmt": "0",
      "inqCnt": "45",
      "gwansMulRegCnt": "21",
      "remaeordDay": "20250924",
      "ipchalGbncd": "000331",
      "maeGiil": "20251223",
      "maegyuljGiil": "20251230",
      "maeHh1": "1000",
      "maeHh2": "",
      "maeHh3": "",
      "maeHh4": "",
      "notifyMinmaePrice1": "1138115000",
      "notifyMinmaePrice2": "0",
      "notifyMinmaePrice3": "0",
      "notifyMinmaePrice4": "0",
      "notifyMinmaePriceRate1": "17",
      "notifyMinmaePriceRate2": "17",
      "maeGiilCnt": "6",
      "ipgiganFday": "",
      "ipgiganTday": "",
      "maePlace": "제111호경매법정",
      "spJogCd": "0004305",
      "mokGbncd": "01",
      "jongCd": "000",
      "stopsaGbncd": "00",
      "daepyoSidoCd": "44",
      "daepyoSiguCd": "825",
      "daepyoDongCd": "310",
      "daepyoRdCd": "23",
      "hjguSido": "충청남도",
      "hjguSigu": "태안군",
      "hjguDong": "고남면",
      "hjguRd": "고남리",
      "daepyoLotno": "1653-9",
      "buldNm": "",
      "buldList": "",
      "areaList": "1690㎡",
      "jimokList": "대",
      "lclsUtilCd": "10000",
      "mclsUtilCd": "10100",
      "sclsUtilCd": "10108",
      "jejosaNm": "",
      "fuelKindcd": "",
      "bsgFormCd": "",
      "carNm": "",
      "carYrtype": "0",
      "xCordi": "256501",
      "yCordi": "425423",
      "cordiLvl": "1",
      "bgPlaceSidoCd": "",
      "bgPlaceSiguCd": "",
      "bgPlaceDongCd": "",
      "bgPlaceRdCd": "",
      "bgPlaceLotno": "",
      "bgPlaceSido": "",
      "bgPlaceSigu": "",
      "bgPlaceDong": "",
      "bgPlaceRd": "",
      "srchHjguBgFlg": "",
      "pjbBuldList": "",
      "minArea": "1690",
      "maxArea": "1690",
      "groupmaemulser": "B000285202201300579761",
      "bocdsano": "B0002852022013005797",
      "dupSaNo": "",
      "byungSaNo": "",
      "srchLclsUtilCd": "10000,20000",
      "srchMclsUtilCd": "21100,10100",
      "srchSclsUtilCd": "21112,10108,10105",
      "srchHjguSidoCd": "44",
      "srchHjguSiguCd": "44825",
      "srchHjguDongCd": "44825310",
      "srchHjguRdCd": "4482531023",
      "srchHjguLotno": "1653-10^1653-11^1653-8^1653-9^1653",
      "jiwonNm": "서산지원",
      "jpDeptNm": "경매5계",
      "tel": "041-660-0695",
      "maejibun": "",
      "wgs84Xcordi": "126",
      "wgs84Ycordi": "36",
      "rd1Cd": "",
      "rd2Cd": "",
      "rd3Rd4Cd": "",
      "rd1Nm": "",
      "rd2Nm": "",
      "rdEubMyun": "",
      "rdNm": "",
      "buldNo": "",
      "rdAddrSub": "",
      "addrGbncd": "A",
      "bgPlaceRdAllAddr": "",
      "bgPlaceAddrGbncd": "",
      "srchRd1Cd": "44",
      "srchRd2Cd": "44825",
      "srchRd3Rd4Cd": "448254592214",
      "alias": "budongsanmok",
      "dummyField": "",
      "dspslUsgNm": "기타",
      "convAddr": "[토지 대 1690㎡]",
      "printSt": "충청남도 태안군 고남면 고남리 1653-9 ",
      "printCsNo": "서산지원<br/>2022타경57976",
      "colMerge": "202201300579761"
    }
  }
]