[{"caseNo": "2023타경86838", "court": "수원지방법원", "department": "경매11계", "itemType": "오피스텔", "address": "경기도 용인시 수지구 광교중앙로295번길 9 6층617호 (상현동,더블유스퀘어광교)", "minPrice": "3,103,000", "appraisalPrice": "157,000,000", "priceRatio": "1%", "failCount": "12", "interestCount": "31", "remarks": "재매각임. 매수보증금은 최저매각가격의 20%임", "auctionDate": "20251223", "detailLink": "https://www.courtauction.go.kr/pgj/index.on?w2xPath=/pgj/ui/pgj100/PGJ151F00.xml&saNo=20230130086838&boCd=B000250&maemulSer=1", "saNo": "20230130086838", "boCd": "B000250", "maemulSer": "1"}, {"caseNo": "2022타경1663", "court": "강릉지원", "department": "경매2계", "itemType": "단독주택", "address": "강원도 동해시 발한동 234-54 ", "minPrice": "51,036,000", "appraisalPrice": "72,908,500", "priceRatio": "70%", "failCount": "1", "interestCount": "26", "remarks": "*일괄매각. 제시외 건물 포함\n*해당주소에 채무자의 모친이 전입신고되어 있고 현재 점유/사용중이나 현황조사시 별도의 임대차계약은 없는 것으로 조사됨 \n*특별매각조건 매수신청보증금 최저매각가격의 20%", "auctionDate": "20251222", "detailLink": "https://www.courtauction.go.kr/pgj/index.on?w2xPath=/pgj/ui/pgj100/PGJ151F00.xml&saNo=20220130001663&boCd=B000261&maemulSer=1", "saNo": "20220130001663", "boCd": "B000261", "maemulSer": "1"}, {"caseNo": "2022타경3289", "court": "서울중앙지방법원", "department": "경매1계", "itemType": "다세대", "address": "서울특별시 관악구 국회단지10길 7 지1층비03호 (봉천동,선경하이츠)", "minPrice": "4,293,000", "appraisalPrice": "122,000,000", "priceRatio": "3%", "failCount": "15", "interestCount": "22", "remarks": "공부상 사무소이나 현황은 주거용으로 사용중임.\n특별매각조건:매수신청보증금 최저매각가격의 20%", "auctionDate": "20251223", "detailLink": "https://www.courtauction.go.kr/pgj/index.on?w2xPath=/pgj/ui/pgj100/PGJ151F00.xml&saNo=20220130003289&boCd=B000210&maemulSer=1", "saNo": "20220130003289", "boCd": "B000210", "maemulSer": "1"}, {"caseNo": "2023타경57229", "court": "수원지방법원", "department": "경매17계", "itemType": "아파트", "address": "경기도 용인시 수지구 만현로67번길 19 303동 6층602호 (상현동,만현마을3단지성원상떼빌아파트)", "minPrice": "650,000,000", "appraisalPrice": "650,000,000", "priceRatio": "100%", "failCount": "1", "interestCount": "21", "remarks": "", "auctionDate": "20251222", "detailLink": "https://www.courtauction.go.kr/pgj/index.on?w2xPath=/pgj/ui/pgj100/PGJ151F00.xml&saNo=20230130057229&boCd=B000250&maemulSer=1", "saNo": "20230130057229", "boCd": "B000250", "maemulSer": "1"}, {"caseNo": "2022타경57976", "court": "서산지원", "department": "경매5계", "itemType": "기타", "address": "충청남도 태안군 고남면 고남리 1653 ", "minPrice": "1,625,878,000", "appraisalPrice": "6,771,668,790", "priceRatio": "24%", "failCount": "5", "interestCount": "21", "remarks": "- 재매각(매수보증금은 최저매각가격의 20%임)\n-일괄매각. 제시외 건물 등 포함\n-목록(1)(3) 현황 상업용 건부지로 이용중임\n-목록(9) 현황 도로(진입로)로 이용중임", "auctionDate": "20251223", "detailLink": "https://www.courtauction.go.kr/pgj/index.on?w2xPath=/pgj/ui/pgj100/PGJ151F00.xml&saNo=20220130057976&boCd=B000285&maemulSer=1", "saNo": "20220130057976", "boCd": "B000285", "maemulSer": "1"}]
